<configuration>
    <property>
        <name>Driver</name>
        <value>Vertica</value>
    </property>
    <property>
        <name>Url</name>
        <value>vertica-ucs-uat1.devfg.rbc.com</value>
    </property>
    <property>
        <name>Database</name>
        <value>CSTOVBU1</value>
    </property>
    <property>
        <name>Port</name>
        <value>5433</value>
    </property>
    <property>
        <name>UserName</name>
        <value>QUP20VERTSRV01PILOT</value>
    </property>
    <property>
        <name>Password</name>
        <value>xx</value>
    </property>
    <property>
        <name>schema</name>
        <value>AML_UP20_PILOT</value>
    </property>
</configuration>
