<?xml version="1.0"?>
<configuration>
      
    <!-- GCM SELECT DATA -->
       
    <property>
        <name>dt.operator.edwInput.jdbcDriver</name>
        <value>com.teradata.jdbc.TeraDriver</value>
    </property>
    <property>
        <name>dt.operator.edwInput.jdbcUrl</name>
        <value>jdbc:teradata://xxx.com/DATABASE=xxx,TMODE=ANSI,CHARSET=UTF8
        </value>
    </property>
    <property>
        <name>dt.operator.edwInput.schema</name>
        <value>xxx</value>
    </property>
    <property>
        <name>dt.operator.edwInput.jdbcUser</name>
        <value>xxx</value>
    </property>
    <property>
        <name>dt.operator.edwInput.jdbcPassword</name>
        <value>xxxx</value>
    </property>
    <property>
        <name>dt.operator.edwInput.directory</name>
        <value>/dev/xxx/data/gcm/edw</value>
    </property>
    <property>
        <name>dt.operator.edwInput.fileNamePattern</name>
        <value>$[source]_$[yyyy]_$[MM]_$[dd].psv</value>
    </property>
    <!-- Scheduling Parameters - Change the below two params for hourly or daily scheduling-->
    <property>                                      
        <name>dt.operator.edwInput.schedule</name>
        <value>daily</value>
    </property>
    <property>
        <name>dt.operator.edwInput.dateFormat</name>
        <value>yyyyMMdd</value> <!-- Daily: yyyyMMdd   Hourly: yyyyMMddhh --> 
    </property>
    <property>
        <name>dt.operator.edwInput.noOfDaysMinusTodaysDate</name> <!-- Run date -->
        <value>1</value>
    </property>
    <!-- End of Scheduling Parameters -->
    
    <property>
        <name>dt.operator.edwInput.fileNamePatternHourly</name>
        <value>$[source]_$[yyyy]_$[MM]_$[dd]_$[hh].psv</value>
    </property>
    <property>
        <name>dt.operator.edwFileOut.filePath</name>
        <value>/dev/xxx/data/gcm/edw</value>
    </property>
    
	
    <!--Table Migration from EDW to vertica through hadoop Starts here. This table required for Histroy -->
    <property>
        <name>dt.operator.edwInput.jdbcSql(table1)</name>
        <value>
			<![CDATA[LOCKING ROW FOR ACCESS SELECT field1,...,fieldn FROM schema1.table1]]>
        </value>
    </property>
.............
    <!--Table Migration from EDW to hadoop Ends here. Below tables not required for History Maintenance.-->
</configuration>