<configuration>
    <property>
        <name>Driver</name>
        <value>Vertica</value>
    </property>
    <property>
        <name>Url</name>
        <value>vertica-q2.riskledger.devfg.rbc.com</value>
    </property>
    <property>
        <name>Database</name>
        <value>DTJK0D1</value>
    </property>
    <property>
        <name>Port</name>
        <value>5433</value>
    </property>
    <property>
        <name>UserName</name>
        <value>AML_UP20_ddl</value>
    </property>
    <property>
        <name>Password</name>
        <value>xxx</value>
    </property>
    <property>
        <name>schema</name>
        <value>aml_up20</value>
    </property>
</configuration>
