<configuration>
    <property>
        <name>Driver</name>
        <value>Vertica</value>
    </property>
    <property>
        <name>Url</name>
        <value>xxxx.com</value>
    </property>
    <property>
        <name>Database</name>
        <value>xxx</value>
    </property>
    <property>
        <name>Port</name>
        <value>5433</value>
    </property>
    <property>
        <name>schema</name>
        <value>xxx</value>
    </property>
    <property>
        <name>UserName</name>
        <value>xxx</value>
    </property>
    <property>
        <name>Password</name>
        <value>xxxx</value>
    </property>
</configuration>
