<?xml version="1.0"?>
<configuration>
    <property>
        <name>dt.operator.gcmInput.jdbcDriver</name>
        <value>oracle.jdbc.driver.OracleDriver</value>
    </property>
    <property>
        <name>dt.operator.gcmInput.jdbcUrl</name>
        <value>jdbc:oracle:thin:@uxxxxc.com:1529:xxxDB</value>
    </property>
    <property>
        <name>dt.operator.gcmInput.schema</name>
        <value>xxx</value>
    </property>
    <property>
        <name>dt.operator.gcmInput.jdbcUser</name>
        <value>xxxx</value>
    </property>
    <property>
        <name>dt.operator.gcmInput.jdbcPassword</name>
        <value>xxxx</value>
    </property>
</configuration>