<?xml version="1.0"?>
<configuration>
    <property>
        <name>dt.operator.edwInput.jdbcUrl</name>
        <value>xxx.com</value>
    </property>
    <property>
        <name>dt.operator.edwInput.jdbcDriver</name>
        <value>Teradata</value>
    </property>
    <property>
        <name>dt.operator.edwInput.jdbcDatabase</name>
        <value>xxxxL</value>
    </property>
    <property>
        <name>dt.operator.gcmInput.schema</name>
        <value>xxxxxxL</value>
    </property>
    <property>
        <name>dt.operator.edwInput.jdbcUser</name>
        <value>xxx</value>
    </property>
    <property>
        <name>dt.operator.edwInput.jdbcPassword</name>
        <value>xxx</value>
    </property>
</configuration>