<configuration>
    <property>
        <name>Driver</name>
        <value>Vertica</value>
    </property>
    <property>
        <name>Url</name>
        <value>vertica-ucs-uat1.devfg.rbc.com</value>
    </property>
    <property>
        <name>Database</name>
        <value>CSTOVBU1</value>
    </property>
    <property>
        <name>Port</name>
        <value>5433</value>
    </property>
    <property>
        <name>UserName</name>
        <value>RUFH0M_ddl</value>
    </property>
    <property>
        <name>Password</name>
        <value>xxx</value>
    </property>
    <property>
        <name>schema</name>
        <value>DUFH0M_uat</value>
    </property>
</configuration>
