<?xml version="1.0"?>
<configuration>
    <property>
        <name>dt.operator.edwInput.jdbcUrl</name>
        <value>Teradata-DNS-GCC.devfg.rbc.com</value>
    </property>
    <property>
        <name>dt.operator.edwInput.jdbcDriver</name>
        <value>Teradata</value>
    </property>
    <property>
        <name>dt.operator.edwInput.jdbcDatabase</name>
        <value>DDWV04L</value>
    </property>
    <property>
        <name>dt.operator.gcmInput.schema</name>
        <value>DDWV04L</value>
    </property>
    <property>
        <name>dt.operator.edwInput.jdbcUser</name>
        <value>Qxx</value>
    </property>
    <property>
        <name>dt.operator.edwInput.jdbcPassword</name>
        <value>xxx</value>
    </property>
</configuration>