<?xml version="1.0"?>
<configuration>
    <property>
        <name>dt.operator.gcmInput.jdbcDriver</name>
        <value>oracle.jdbc.driver.OracleDriver</value>
    </property>
    <property>
        <name>dt.operator.gcmInput.jdbcUrl</name>
        <value>jdbc:oracle:thin:@uaoc11d43.devfg.rbc.com:1529:DXAZDB</value>
    </property>
    <property>
        <name>dt.operator.gcmInput.schema</name>
        <value>RUFH0F</value>
    </property>
    <property>
        <name>dt.operator.gcmInput.jdbcUser</name>
        <value>RUFH0F_RUN</value>
    </property>
    <property>
        <name>dt.operator.gcmInput.jdbcPassword</name>
        <value>xxxx</value>
    </property>
</configuration>