<?xml version="1.0"?>
<configuration>
      
    <!-- GCM SELECT DATA -->
       
    <property>
        <name>dt.operator.edwInput.jdbcDriver</name>
        <value>com.teradata.jdbc.TeraDriver</value>
    </property>
    <property>
        <name>dt.operator.edwInput.jdbcUrl</name>
        <value>jdbc:teradata://Teradata-DNS-GCC.devfg.rbc.com/DATABASE=DDWV04,TMODE=ANSI,CHARSET=UTF8
        </value>
    </property>
    <property>
        <name>dt.operator.edwInput.schema</name>
        <value>DDWV04L</value>
    </property>
    <property>
        <name>dt.operator.edwInput.jdbcUser</name>
        <value>PUP2U</value>
    </property>
    <property>
        <name>dt.operator.edwInput.jdbcPassword</name>
        <value>xxxx</value>
    </property>
    <property>
        <name>dt.operator.edwInput.directory</name>
        <value>/dev/up20/data/gcm/edw</value>
    </property>
    <property>
        <name>dt.operator.edwInput.fileNamePattern</name>
        <value>$[source]_$[yyyy]_$[MM]_$[dd].psv</value>
    </property>
    <!-- Scheduling Parameters - Change the below two params for hourly or daily scheduling-->
    <property>                                      
        <name>dt.operator.edwInput.schedule</name>
        <value>daily</value>
    </property>
    <property>
        <name>dt.operator.edwInput.dateFormat</name>
        <value>yyyyMMdd</value> <!-- Daily: yyyyMMdd   Hourly: yyyyMMddhh --> 
    </property>
    <property>
        <name>dt.operator.edwInput.noOfDaysMinusTodaysDate</name> <!-- Run date -->
        <value>1</value>
    </property>
    <!-- End of Scheduling Parameters -->
    
    <property>
        <name>dt.operator.edwInput.fileNamePatternHourly</name>
        <value>$[source]_$[yyyy]_$[MM]_$[dd]_$[hh].psv</value>
    </property>
    <property>
        <name>dt.operator.edwFileOut.filePath</name>
        <value>/dev/up20/data/gcm/edw</value>
    </property>
    
	
    <!--Table Migration from EDW to vertica through hadoop Starts here. This table required for Histroy -->
    <property>
        <name>dt.operator.edwInput.jdbcSql(acm_ar_sts_dly)</name>
        <value>
			<![CDATA[LOCKING ROW FOR ACCESS SELECT AR_STS_CD,AR_STS_DESC,LST_UPDT_DT_TM,SNAP_DT FROM DDWV04L.ACM_AR_STS_DLY]]>
        </value>
    </property>
    <property>
        <name>dt.operator.edwInput.jdbcSql(acm_ar_delta)</name>
        <value>
			<![CDATA[LOCKING ROW FOR ACCESS SELECT ACCT_ADDR,ACCT_ADDR_CTY_NM,ACCT_ADDR_CNTRY_CD,ACCT_ADDR_PSTCD,ACCT_ADDR_ZNE_DESC,ACCT_BAL_AMT,ACCT_CATG_CD,ACCT_CMT,ACCT_MGR_1_NM,ACCT_MGR_2_NM,ACCT_MGR_3_NM,ACCT_NM,ACCT_NO,ACCT_ON_HLD_IND,ACCT_OWN_DESC,ACCT_PURPS_DESC,ACCT_SEG_CD,ACCT_SRC_REF_ID,ACCT_SRC_UNQ_ID,ACCT_SYS_SRC_NM,ACCT_TR_NO,ACCT_TYP_CD,AGMT_DT,ANN_PREM_AMT,AR_STS_CD,BAL_DT,BIC,BSE_ACCT_BAL_AMT,BSE_CRNCY_CD,BENEF_IND,BLK_REAS_DESC,BLK_TYP_CD,BR_ID,CAPTR_DT,CSH_SURR_VAL_AMT,CHG_DT,CLNT_SRF_NO,CLS_DT,CNVRT_CRNCY_CD,CNVRT_AMT,CNVRT_BAL_AMT,CR_DR_CD,CR_GRADE_DESC,CR_LMT_AMT,CR_TO_AMT,CRNCY_CD,CUST_INIT_CLSR_IND,DTH_BNFT_AMT,DR_TO_AMT,DELY_ACCT_IND,DELVRY_INSTRTN_DESC,DIV_CD,DIV_ID,DIV_NM,DORM_STS_IND,FRZN_OVRD_DT,FRZN_STS_IND,GRS_PREM_TTD,HLD_BNK_NM,INSTL_PREM_AMT,IBAN,INVST_MGR_NM,ISS_DT,JNT_ACCT_IND,LANG_PREF_CD,LST_FNCL_TXN_DT,LST_PYMT_DT,LST_UPDT_DT,LST_UPDT_DT_TM,LST_UPDT_TMSTMP,LIFE_INS_CNTRCT_DUR,MGR_TR_NO,MTRTY_DT,OPEN_DT,OPTL_AMT,OD_LMT_AMT,PYMT_FREQ_CNT,PYMT_MTHD_DESC,PER_LN_AMT,POL_ANNIV_DT,PRMRY_CRD_ID,PRMRY_CLNT_ID,PROD_SRC_TYP_CD,ACCT_ADDR_PROV_ST_CD,RFRL_DEBT_CLCT_IND,RELTN_MGR_ID,RSK_CATG_DESC,RSK_SCOR_NO,SAL_LODGED_IND,SENT_CRSPNC_IND,SETL_BNK_NM,SETL_TYP_DESC,SIC_CD,SNGL_PREM_TOT,SRC_AR_ID,SRC_ID,SRC_ORG_UNT_CD,SRC_ORG_UNT_ID,SUM_INSR_AMT,TO_FROM_DT,TO_TO_DT FROM DDWV04L.ACM_AR_DELTA]]>
        </value>
    </property>
    <property>
        <name>dt.operator.edwInput.jdbcSql(acm_alert_dtl_clf_dly)</name>
        <value>
			<![CDATA[LOCKING ROW FOR ACCESS SELECT CAPTR_DT,CFL_ENTR_DT,CFL_UPDT_DT,CLF_ALERT_AUTOCLOSE_IND,CLF_CATG_NM,CLF_CLNT_ADDR,CLF_CLNT_AGE,CLF_CLNT_AGE_AS_OF,CLF_CLNT_ALS_NM,CLF_CLNT_ALT_NM_SPELLING,CLF_CLNT_DOB,CLF_CLNT_COUNTRIES,CLF_CLNT_POSN_DESC,CLF_CNTRL_LST_CLNT_NM,CLF_CNTRL_LST_ITM_ID,CLF_CNTRL_LST_NM,CLF_EXTRNL_SRC_LINKS,CLF_FURTH_INFO_TXT,CLF_LINK_ID,CLF_LST_NM,CLF_SCAN_MTCH,LST_UPDT_DT_TM,SRC_ALERT_KEY FROM DDWV04L.ACM_ALERT_DTL_CLF_DLY]]>
        </value>
    </property>
    <property>
        <name>dt.operator.edwInput.jdbcSql(acm_alert_dtl_edd_dly)</name>
        <value>
			<![CDATA[LOCKING ROW FOR ACCESS SELECT CAPTR_DT,LST_UPDT_DT_TM,SRC_ALERT_KEY,TRM_RSK_IND_NM_1,TRM_RSK_IND_NM_10,TRM_RSK_IND_NM_2,TRM_RSK_IND_NM_3,TRM_RSK_IND_NM_4,TRM_RSK_IND_NM_5,TRM_RSK_IND_NM_6,TRM_RSK_IND_NM_7,TRM_RSK_IND_NM_8,TRM_RSK_IND_NM_9 FROM DDWV04L.ACM_ALERT_DTL_EDD_DLY]]>
        </value>
    </property>
    <property>
        <name>dt.operator.edwInput.jdbcSql(acm_alert_dtl_utr_dly)</name>
        <value>
			<![CDATA[LOCKING ROW FOR ACCESS SELECT ACTN_TKN_CMT,ADNL_CMT,BR_TR_NO,CAPTR_DT,EMP_ID,FORM_TYP_IND,ID_IND,LST_UPDT_DT_TM,RCMD_CMT,RCMD_DESC,RPT_ENTY_TYP_DESC,SRC_ALERT_KEY,SUSPS_ACT_CMT FROM DDWV04L.ACM_ALERT_DTL_UTR_DLY]]>
        </value>
    </property>
    <property>
        <name>dt.operator.edwInput.jdbcSql(acm_alert_hdr_delta)</name>
        <value>
			<![CDATA[LOCKING ROW FOR ACCESS SELECT ACCT_NM,ACCT_SEG_CD,ACCT_SRC_REF_ID,ALERT_DIV_CD,ALERT_DIV_ID,ALERT_DIV_NM,ALERT_ID,ALERT_PREFX,ALERT_SCOR_NO,ALERT_TXT,ALT_ALERT_ID,BR_ID,CAPTR_DT,CRD_ID,CRD_SRC_REF_ID,CSE_DOMN_ID,CSE_ID,CSE_NM,CSE_ORG_UNT_ID,CHG_DT,CLNT_NM,CLNT_SRC_REF_ID,CUST_ORG_UNT_ID,CUST_SEG_DESC,DEL_IND,DOM_REP_REAS_CD,EMP_ID,EMP_NM,EMP_ORG_UNT_ID,EVNT_DT,EVNT_DESC,EVNT_LOG_ID,EXTRNL_ASGN_TO_GRP_NM,EXTRNL_CREAT_BY_NM,EXTRNL_CREAT_TMSTMP,EXTRNL_DOMN_NM,EXTRNL_ORG_UNT_NM,EXTRNL_RPT_BY_NM,EXTRNL_SRC_APP_NM,EXTRNL_STS_DESC,EXTRNL_STS_TMSTMP,FIU_TEAM_NM,FRST_REAS_DESC,INTERROGATOR_SCOR_NO,LST_UPDT_DT_TM,NXT_TSK_DUE_DT,PARNT_DOM_REP_REAS_CD,RPT_NM,PRIRTY_NO,RPT_BY_NM,RSK_WGTG_NO,SCNR_MGR_CHK_NM,SCNR_MGR_CHK_TM_PERD_DESC,SRC_ALERT_ID,SRC_ALERT_KEY,SRC_AR_ID,SRC_CSE_KEY,SRC_CLNT_ID,SRC_SYS_NM,SRC_TXN_ID,SRC_TXN_NO,STD_SCOR_NO,VIEW_NM FROM DDWV04L.ACM_ALERT_HDR_DELTA]]>
        </value>
    </property>
    <property>
        <name>dt.operator.edwInput.jdbcSql(acm_asct_info_id_delta)</name>
        <value>
			<![CDATA[LOCKING ROW FOR ACCESS SELECT ADDR_CNTRY_CD,ADDR_LIN_1,ADDR_LIN_2,ADDR_PSTCD,ADDR_ZNE_DESC,ASCT_INFO_ID,BTH_PLC_NM,CAPTR_DT,CHG_DT,ADDR_CTY_NM,DOB,EXPRY_DT,FRST_NM,GNDR_CD,ID_CMT,ID_ID,ID_NO,ISS_AUTH_DESC,ISS_DT,ISSR_CNTRY_CD,LST_NM,LST_UPDT_DT_TM,LST_UPDT_TMSTMP,LCNS_TYP_DESC,ADDR_PROV_ST_CD FROM DDWV04L.ACM_ASCT_INFO_ID_DELTA]]>
        </value>
    </property>
    <property>
        <name>dt.operator.edwInput.jdbcSql(acm_br_dly)</name>
        <value>
			<![CDATA[LOCKING ROW FOR ACCESS SELECT ACS_IND,ADDR_LIN_1,ADDR_LIN_2,ADDR_LIN_3,BR_CLS_TM,BR_ID,BR_NM,BR_OPEN_TM,BUS_NM,CTY_NM,CLS_DT,CNTCT_PERS_NM,CNTRY_CD,DIST_CHNL_NM,EMAIL_ADDR,FINTRAC_VRFY_IND,LST_UPDT_DT_TM,PSTCD,PROV_ST_CD,SNAP_DT,SRC_ORG_UNT_CD,SRC_ORG_UNT_ID,TEL_NO,ZNE_DESC FROM DDWV04L.ACM_BR_DLY]]>
        </value>
    </property>
    <property>
        <name>dt.operator.edwInput.jdbcSql(acm_cse_dly)</name>
        <value>
			<![CDATA[LOCKING ROW FOR ACCESS SELECT ACCT_TOV_IND,ALT_CSE_ID,BENEF_ACCT_NO,BENEF_NM,BR_NM,BUST_OUT_IND,CAPTR_DT,CRD_CMPRMS_IND,CNP_IND,CRD_TYP_DESC,CSE_CLS_TMSTMP,CSE_DESC,CSE_DIV_CD,CSE_DIV_ID,CSE_DIV_NM,CSE_ID,CSE_NM,CSE_RSK_NO,CHG_DT,CHQ_BOOSTER_IND,CNTRFT_CRD_IND,DOMN_RPT_REAS_CD,EMPTY_ENVLP_IND,FRST_REAS_ID,FRST_WRTOF_TMSTMP,FRD_AGNST_CLNT_IND,FRDLNT_ISS_IND,GNRL_FRD_IND,LST_UPDT_DT_TM,LOST_CRD_IND,MRCHNT_FRD_IND,NON_RCPT_IND,ORGNT_ACCT_NO,ORGNT_NM,OTH_FRD_IND,PARNT_DOMN_RPT_REAS_CD,PEP_DAY_1_CMT,PEP_DAY_1_DT,PEP_DTRMN_DT,RPT_NM,PRIRTY_NO,RBC_CIVT_RVW_STAGE_DESC,SNCTN_CNTRY_LST,SEQ_NO,SKM_IND,SRC_CSE_KEY,STF_AT_RSK_IND,STOLEN_CRD_IND,SUSPICION_REAS_DESC,TEAM_NM,TR_NO,UNAUTH_DEVC_IND, SNAP_DT FROM DDWV04L.ACM_CSE_DLY]]>
        </value>
    </property>
    <property>
        <name>dt.operator.edwInput.jdbcSql(acm_cse_narr)</name>
        <value>
			<![CDATA[LOCKING ROW FOR ACCESS SELECT CAPTR_DT,CSE_NARR_DESC,LST_UPDT_DT_TM,SRC_CSE_KEY FROM DDWV04L.ACM_CSE_NARR]]>
        </value>
    </property>
    <property>
        <name>dt.operator.edwInput.jdbcSql(acm_cntry_dly)</name>
        <value>
			<![CDATA[LOCKING ROW FOR ACCESS SELECT CONTINENT_NM,CNTRY_CD,CNTRY_NM,CROOK_CNTRY_IND,EDF_RSK_CD,EUROPE_IND,FATF_IND,FRDCC_RSK_CD,HI_RSK_IND,ISO_CNTRY_CD,LST_UPDT_DT_TM,NARCOTIC_IND,NO_EXTRNL_ACS_IND,OFAC_IND,REGN_CD,SNA_RSK_CD,SNAP_DT,SUSPS_IND,TX_HAVEN_IND,TERRORIST_HAVEN_IND FROM DDWV04L.ACM_CNTRY_DLY]]>
        </value>
    </property>
    <property>
        <name>dt.operator.edwInput.jdbcSql(acm_crncy_dly)</name>
        <value>
			<![CDATA[LOCKING ROW FOR ACCESS SELECT CRNCY_CD,CRNCY_DESC,LST_UPDT_DT_TM,SNAP_DT FROM DDWV04L.ACM_CRNCY_DLY]]>
        </value>
    </property>
    <property>
        <name>dt.operator.edwInput.jdbcSql(acm_clnt_ar_reltn_delta)</name>
        <value>
			<![CDATA[LOCKING ROW FOR ACCESS SELECT CAPTR_DT,CHG_DT,CLNT_ROL_DESC,FROM_DT,LST_UPDT_DT_TM,SRC_AR_ID,SRC_CLNT_ID,TO_DT FROM DDWV04L.ACM_CLNT_AR_RELTN_DELTA]]>
        </value>
    </property>
    <property>
        <name>dt.operator.edwInput.jdbcSql(acm_clnt_addr_delta)</name>
        <value>
			<![CDATA[LOCKING ROW FOR ACCESS SELECT FULL_CLNT_ADDR,ADDR_ID,CAPTR_DT,CHG_DT,CTY_NM,CNTRY_CD,LST_UPDT_DT_TM,LST_UPDT_TMSTMP,PSTCD,PROV_ST_CD,SRC_CLNT_ID,TM_AT_ADDR_CNT,ZNE_DESC FROM DDWV04L.ACM_CLNT_ADDR_DELTA]]>
        </value>
    </property>
    <property>
        <name>dt.operator.edwInput.jdbcSql(acm_clnt_rsk_lvl_dly)</name>
        <value>
			<![CDATA[LOCKING ROW FOR ACCESS SELECT ACTV_IND,CLNT_RSK_LVL_CD,CLNT_RSK_LVL_VAL,CMT_TXT,DISPL_ORD_CD,LST_UPDT_DT_TM,SNAP_DT FROM DDWV04L.ACM_CLNT_RSK_LVL_DLY]]>
        </value>
    </property>
    <property>
        <name>dt.operator.edwInput.jdbcSql(acm_clnt_rsk_prfl_dly)</name>
        <value>
			<![CDATA[LOCKING ROW FOR ACCESS SELECT CAPTR_DT,CSE_ID,CLF_CNTRY_NM_DUE_TO_CLNT_RELTN,CLF_CNTRY_NXT_RVW_DT,CLF_CNTRY_RESTR_PROD_NM,CLNT_ID,CLNT_RSK_LVL_CD,CLNT_RSK_PRFL_ID,CLNT_RSK_SEG_CODES,CLNT_SRC_UNQ_ID,CMT_TXT,CMPLC_RESTR_CLNT_IND,DEMARKET_CSE_ID,DEMARKET_REAS_DESC,EDD_APROV_DT,EMP_IND,EDD_COMPL_DT,EDD_OCM_DESC,INV_BTP_MSBTP_CSE_ID,LST_UPDT_DT_TM,LST_UPDT_TMSTMP,MSB_FILE_NO,MSB_RVW_DT,PEP_CMTE_APROV_DT,PEP_DAY_1_CMT,PEP_DAY_1_DT,PEP_DTRMN_DT,PEP_CNTRY_CD,PEP_RBC_DTRMN_DESC,PEP_RBC_OCCPT_DESC,PEP_TYP_DESC,PRFL_CREAT_TMSTMP,RBC_CIVT_RVW_COMPL_DT,REAS_CD,SNCTN_LST_RVW_DT,SNCTN_PRMT_CD,SNCTN_REL_COUNTRYS,SNCTN_RESTR_PROD_NM,SRVR_ID,SRC_CLNT_ID,SRC_ID FROM DDWV04L.ACM_CLNT_RSK_PRFL_DLY]]>
        </value>
    </property>
    <property>
        <name>dt.operator.edwInput.jdbcSql(acm_clnt_rsk_seg_dly)</name>
        <value>
			<![CDATA[LOCKING ROW FOR ACCESS SELECT ACTV_IND,CMT_TXT,DISPL_ORD_CD,LST_UPDT_DT_TM,RSK_PRFL_CD,RSK_PRFL_VAL,SNAP_DT FROM DDWV04L.ACM_CLNT_RSK_SEG_DLY]]>
        </value>
    </property>
    <property>
        <name>dt.operator.edwInput.jdbcSql(acm_clnt_delta)</name>
        <value>
			<![CDATA[LOCKING ROW FOR ACCESS SELECT ACQ_DT,FULL_CLNT_ADDR,BAL_SHEET_TOT_AMT,BNKRPT_IND,BTH_NM,BTH_PLC_NM,BLACK_LST_IND,BRKR_CD,BUS_TEL,BUS_SEG_1_DESC,BUS_SEG_2_DESC,BUS_TYP_DESC,CANCL_DT,CAPTR_DT,CHG_DT,CHNL_DESC,CITZ_CNTRY_CD_2,CTY_NM,CLNT_AGE,CLNT_CRD_NO,CLNT_CMT,CLNT_COMPLT_IND,CLNT_EMPLR_NM,CLNT_ID,CLNT_NM,CLNT_SEG_1_DESC,CLNT_SEG_2_DESC,CLNT_SEG_3_DESC,CLNT_SINCE_DT,CLNT_SRC_REF_ID,CLNT_SRC_UNQ_ID,CLNT_SRF_NO,CLNT_STS_CD,CLNT_SYS_SRC_NM ,CLNT_TRD_NM,CLNT_TYP_CD,CO_FORM,CO_NM,COMPEN_REQR_IND,CMPLX_STRUC_IND,CRNCY_CD_BSE,DOB,DECD_IND,DIV_CD,DIV_ID,DIV_NM,DOMN_ID,DORM_OVRD_DT,DWE_CLNT_NO,DWE_SYS_SRC_ID,EMP_IND,EMP_NO,EMPL_STS_DESC,END_RELTN_IND,EXPCT_ANN_TO_AMT,FTF_IND,FRST_NM,GNDR_CD,HM_TEL,INC_CNTRY_CD,INC_DT,INC_ST_NM,INITIALS,INTENDED_PROD_USE_CD,LST_NM,LST_UPDT_DT_TM,LST_UPDT_TMSTMP,MRTL_STS_DESC,MRCHNT_NO,MID_NAMES,NM_SUFX,NM_PREFX,NATL_CD,NEAR_BRDR_IND,OCCPT_DESC,ORGN_CNTRY,PSTCD,PRM_BR_ID,PROV_ST_CD,RGSTR_NO,RELTN_MGR_ID,RESID_CNTRY,RESID_IND,RSK_SCOR_NO,SRVR_ID,SRC_CLNT_ID,SRC_ID,SOF_CD,SRC_ORG_UNT_CD,SRC_ORG_UNT_ID,SPCL_ATTN_IND,SYFACT_CLNT_CD,TOT_DEP_BSE_AMT,TOT_LN_BSE_AMT,TRDG_DUR,USR_DEF_FLD_1,USR_DEF_FLD_2,USR_DEF_FLD_3,USR_DEF_FLD_4,USR_DEF_FLD_5,VAT_NO,VIP_IND,ZNE_DESC FROM DDWV04L.ACM_CLNT_DELTA]]>
        </value>
    </property>
    <property>
        <name>dt.operator.edwInput.jdbcSql(acm_susps_rpt_ackn_curr)</name>
        <value>
			<![CDATA[LOCKING ROW FOR ACCESS SELECT ACKN_FILE_DESC,ACKN_FILE_NM,ACKN_FILE_URL,ACKN_ID,CAPTR_DT,CREAT_BY_USRID,EFILE_BTCH_ID,LST_UPDT_DT_TM,CREAT_TMSTMP,PROC_DT,PROC_TM FROM DDWV04L.ACM_SUSPS_RPT_ACKN_CURR]]>
        </value>
    </property>
    <property>
        <name>dt.operator.edwInput.jdbcSql(acm_susps_rpt_disclsr_delta)</name>
        <value>
			<![CDATA[LOCKING ROW FOR ACCESS SELECT ASGN_BY_USRID,ASGN_TO_USRID,ATMPT_TYP_IND,BUS_NM,BUS_TYP_CD,CAPTR_DT,CHG_DT,CMT,CNSNT_REQR_IND,CONST_TRST_IND,CORTN_TO_PRIOR_RPT_IND,DISCLSR_ID,DISCLSR_TYP_ID,FURTH_INFO_REQR_IND,LST_UPDT_DT_TM,PERS_TITL,REC_TYP,SEND_IMMEDIATELY_IND,SRC_CSE_KEY,VRSN,YOUR_REF_NO FROM DDWV04L.ACM_SUSPS_RPT_DISCLSR_DELTA]]>
        </value>
    </property>
    <property>
        <name>dt.operator.edwInput.jdbcSql(acm_susps_rpt_disclsr_typ_dly)</name>
        <value>
			<![CDATA[LOCKING ROW FOR ACCESS SELECT CREAT_DT,CREATR_ID,DISCLSR_AUTH_NM,DISCLSR_OTPT_DIR,DISCLSR_TMPL_FILENM,DISCLSR_TYP_CD,DISCLSR_TYP_DESC,DISCLSR_TYP_ID,EFILE_OTPT_DIR,EFILE_TMPL_FILENM,ENBL_EFILE_IND,ENBL_ENCRYPT_IND,LST_UPDT_DT,LST_UPDT_DT_TM,LST_UPDT_USRID,SNAP_DT FROM DDWV04L.ACM_SUSPS_RPT_DISCLSR_TYP_DLY]]>
        </value>
    </property>
    <property>
        <name>dt.operator.edwInput.jdbcSql(acm_susps_rpt_disclsr_vrsn_del)</name>
        <value>
			<![CDATA[LOCKING ROW FOR ACCESS SELECT CAPTR_DT,CHG_DT,CMPLC_DT,CREAT_DT,CREAT_BY_USRID,DF_EFILE_ID,DISCLSR_DESC,DISCLSR_ID,DOC_ID,DUE_DT,EFILE_BTCH_ID,EXTRNL_TRGT_DT,FID_TYP_DESC,FILING_DT,FILING_TRGT_DT,INST_ID,INTRNL_TRGT_DT,UPDT_DT,LST_UPDT_DT_TM,MLTPL_BR_IND,ORGNL_DTTM,RFRL_DTTM,STS_UPDT_DT,TRNSMT_SEQ_DESC,TRNSMTR_ID,UPDT_BY_USRID,VRSN_ID,VRSN_LOCK_IND,VRSN_NO,WKFLW_STS_ID FROM DDWV04L.ACM_SUSPS_RPT_DISCLSR_VRSN_DEL]]>
        </value>
    </property>
    <property>
        <name>dt.operator.edwInput.jdbcSql(acm_susps_rpt_efile_btch_delta)</name>
        <value>
			<![CDATA[LOCKING ROW FOR ACCESS SELECT CAPTR_DT,CHG_DT,CREAT_DTTM,CREAT_BY_USRID,DOC_URL,EFILE_BTCH_DT,EFILE_BTCH_DESC,EFILE_BTCH_FILE_NM,EFILE_BTCH_ID,EFILE_BTCH_SEQ_NO,EFILE_BTCH_TM,EFILE_BTCH_TYP_DESC,ENCRYPTED_IND,FINTRAC_CNFRM_NO,FINTRAC_CNFRM_UPDT_BY_USRID,FINTRAC_CNFRM_UPDT_TMSTMP,LST_UPDT_DT_TM,STS_ID,STS_TMSTMP FROM DDWV04L.ACM_SUSPS_RPT_EFILE_BTCH_DELTA]]>
        </value>
    </property>
    <property>
        <name>dt.operator.edwInput.jdbcSql(acm_susps_rpt_efile_str_err_d)</name>
        <value>
			<![CDATA[LOCKING ROW FOR ACCESS SELECT CAPTR_DT,DEP_SEQ_NO,DISCLSR_ID,EFILE_BTCH_ID,ERR_ID,ERR_CD,FLD,LST_UPDT_DT_TM,RJCT_IND,REP_SEQ_NO,STR_SUBHDR_INFO,TXN_SEQ_NO,VLD_RULE_NO FROM DDWV04L.ACM_SUSPS_RPT_EFILE_STR_ERR_D]]>
        </value>
    </property>
    <property>
        <name>dt.operator.edwInput.jdbcSql(acm_susps_rpt_cd_lkup_dly)</name>
        <value>
			<![CDATA[LOCKING ROW FOR ACCESS SELECT DISCLSR_TYP_ID,LST_UPDT_DT_TM,LKUP_CD,LKUP_TYP_DESC,LKUP_VAL_TXT,SNAP_DT FROM DDWV04L.ACM_SUSPS_RPT_CD_LKUP_DLY]]>
        </value>
    </property>
    <property>
        <name>dt.operator.edwInput.jdbcSql(acm_susps_rpt_prt_a_delta)</name>
        <value>
			<![CDATA[LOCKING ROW FOR ACCESS SELECT CAPTR_DT,CHG_DT,DISCLSR_ID,LST_UPDT_DT_TM,PRT_A_BR_CTY_NM,PRT_A_BR_CD,PRT_A_BR_ID,PRT_A_BR_PSTCD,PRT_A_BR_PROV_NM,PRT_A_BR_ST_ADDR,PRT_A_CNTCT_GIVEN_NM,PRT_A_CNTCT_INIT,PRT_A_CNTCT_SURNM,PRT_A_CNTCT_TEL_EXT_NO,PRT_A_CNTCT_TEL_NO,PRT_A_RPT_CORTN_IND,PRT_A_RPT_ID_NO,PRT_A_RPT_ORGNL_DT,PRT_A_RPT_ENTY_FULL_NM,PRT_A_RPT_ENTY_TYP_CD,PRT_A_TXN_STS_ATMPTD_IND,PRT_A_TXN_STS_COMPL_IND,VRSN_ID FROM DDWV04L.ACM_SUSPS_RPT_PRT_A_DELTA]]>
        </value>
    </property>
    <property>
        <name>dt.operator.edwInput.jdbcSql(acm_susps_rpt_prt_b1_delta)</name>
        <value>
			<![CDATA[LOCKING ROW FOR ACCESS SELECT CAPTR_DT,CHG_DT,DISCLSR_ID,LST_UPDT_DT_TM,PRT_B1_ID,PRT_B1_SEQ_NO,PRT_B1_TXN_AMT,PRT_B1_TXN_CNDCTD_MTHD_OTH_DES,PRT_B1_TXN_CNDCTD_MTHD_TYP_CD,PRT_B1_TXN_CRNCY_CD,PRT_B1_TXN_DT,PRT_B1_TXN_ENTY_ACCT_NO,PRT_B1_TXN_INITNG_FND_CD,PRT_B1_TXN_INITNG_FND_OTH_DESC,PRT_B1_TXN_INST_NM,PRT_B1_TXN_NGHT_DEP_IND,PRT_B1_TXN_PERS_ID_NO,PRT_B1_TXN_POST_DT,SRC_TXN_NO,SUSPS_TXN_ID,VRSN_ID FROM DDWV04L.ACM_SUSPS_RPT_PRT_B1_DELTA]]>
        </value>
    </property>
    <property>
        <name>dt.operator.edwInput.jdbcSql(acm_susps_rpt_prt_b2_delta)</name>
        <value>
			<![CDATA[LOCKING ROW FOR ACCESS SELECT CAPTR_DT,CHG_DT,DISCLSR_ID,LST_UPDT_DT_TM,PRT_B1_ID,PRT_B2_ACCT_NO,PRT_B2_DISPOS_AMT,PRT_B2_DISPOS_CRNCY_CD,PRT_B2_FND_DISPOS_POL_NO,PRT_B2_FND_DISPOS_TYP_CD,PRT_B2_FND_DISPOS_TYP_OTH_DESC,PRT_B2_ID,PRT_B2_INST_NM,PRT_B2_ON_BHLF_OF_IND,PRT_B2_SEQ_NO,TXN_ID,VRSN_ID FROM DDWV04L.ACM_SUSPS_RPT_PRT_B2_DELTA]]>
        </value>
    </property>
    <property>
        <name>dt.operator.edwInput.jdbcSql(acm_susps_rpt_prt_c_delta)</name>
        <value>
			<![CDATA[LOCKING ROW FOR ACCESS SELECT CAPTR_DT,CHG_DT,DISCLSR_ID,LST_UPDT_DT_TM,PRT_B1_ID,PRT_B2_ID,PRT_C_ACCT_HLDR_1,PRT_C_ACCT_HLDR_2,PRT_C_ACCT_HLDR_3,PRT_C_ACCT_NO,PRT_C_ACCT_STS_CD,PRT_C_ACCT_TYP_CD,PRT_C_ACCT_TYP_OTH_DESC,PRT_C_BR_ID,PRT_C_BR_NO,PRT_C_CLS_DT,PRT_C_CRNCY_CD,PRT_C_ID,PRT_C_OPEN_DT,PRT_C_SEQ_NO,TXN_ID,VRSN_ID FROM DDWV04L.ACM_SUSPS_RPT_PRT_C_DELTA]]>
        </value>
    </property>
    <property>
        <name>dt.operator.edwInput.jdbcSql(acm_susps_rpt_prt_d_delta)</name>
        <value>
			<![CDATA[LOCKING ROW FOR ACCESS SELECT CAPTR_DT,CHG_DT,PRT_D_TXN_CNDCTR_CLNT_ID,DISCLSR_ID,DISPL_SEQ_NO,LST_UPDT_DT_TM,PRT_B1_ID,PRT_D_ID,PRT_D_INDV_DOB,PRT_D_INDV_BUS_TEL_EXT_NO,PRT_D_INDV_BUS_TEL_NO,PRT_D_INDV_EMPLR_ADDR_CTY_NM,PRT_D_INDV_EMPLR_ADDR_CNTRY_CD,PRT_D_INDV_EMPLR_ADDR_PSTL_ZIP,PRT_D_INDV_EMPLR_ADDR_PROV_ST,PRT_D_INDV_EMPLR_BUS_TEL_EXT_N,PRT_D_INDV_EMPLR_BUS_TEL_NO,PRT_D_INDV_EMPLR_NM,PRT_D_INDV_EMPLR_ST_ADDR,PRT_D_INDV_ID_ISS_PLC_CNTRY_CD,PRT_D_INDV_ID_ISS_PROV_ST_NM,PRT_D_INDV_ID_NO,PRT_D_INDV_ID_OTH_TYP_DESC,PRT_D_INDV_ID_TYP_CD,PRT_D_INDV_OCCPT_DESC,PRT_D_TXN_CNDCTR_ADDR_CTY_NM,PRT_D_TXN_CNDCTR_ADDR_CNTRY_CD,PRT_D_TXN_CNDCTR_ADDR_PSTL_ZIP,PRT_D_TXN_CNDCTR_ADDR_PROV_ST,PRT_D_TXN_CNDCTR_CITZ_CNTRY_CD,PRT_D_TXN_CNDCTR_FULL_CLNT_ID,PRT_D_TXN_CNDCTR_GIVEN_NM,PRT_D_TXN_CNDCTR_HM_TEL,PRT_D_TXN_CNDCTR_INIT,PRT_D_TXN_CNDCTR_RESID_CNTRY_C,PRT_D_TXN_CNDCTR_ST_ADDR,PRT_D_TXN_CNDCTR_SURNM,PRT_D_TXN_CNDCTR_SRVR_ID,PRT_D_TXN_CNDCTR_SRC_ID,TXN_ID,VRSN_ID FROM DDWV04L.ACM_SUSPS_RPT_PRT_D_DELTA]]>
        </value>
    </property>
    <property>
        <name>dt.operator.edwInput.jdbcSql(acm_susps_rpt_prt_e_delta)</name>
        <value>
			<![CDATA[LOCKING ROW FOR ACCESS SELECT CAPTR_DT,CHG_DT,DISCLSR_ID,DISPL_SEQ_NO,LST_UPDT_DT_TM,PRT_B1_ID,PRT_B2_ID,PRT_E_AUTH_INDV_NM_1,PRT_E_AUTH_INDV_NM_2,PRT_E_AUTH_INDV_NM_3,PRT_E_BUS_ADDR_CTY_NM,PRT_E_BUS_ADDR_CNTRY_CD,PRT_E_BUS_ADDR_PSTL_ZIP_CD,PRT_E_BUS_ADDR_PROV_ST_NM,PRT_E_BUS_CLNT_ID,PRT_E_BUS_SRVR_ID,PRT_E_BUS_SRC_ID,PRT_E_BUS_FULL_CLNT_ID,PRT_E_BUS_INC_ISS_CNTRY_CD,PRT_E_BUS_INC_ISS_PROV_ST_NM,PRT_E_BUS_INC_NO,PRT_E_BUS_ST_ADDR,PRT_E_BUS_TEL_EXT_NO,PRT_E_BUS_TEL_NO,PRT_E_BUS_TYP_DESC,PRT_E_CORPN_NM,PRT_E_ID,TXN_ID,VRSN_ID FROM DDWV04L.ACM_SUSPS_RPT_PRT_E_DELTA]]>
        </value>
    </property>
    <property>
        <name>dt.operator.edwInput.jdbcSql(acm_susps_rpt_prt_f_delta)</name>
        <value>
			<![CDATA[LOCKING ROW FOR ACCESS SELECT CAPTR_DT,CHG_DT,DISCLSR_ID,DISPL_SEQ_NO,LST_UPDT_DT_TM,PRT_B1_ID,PRT_B2_ID,PRT_F_BUS_TEL_EXT_NO,PRT_F_EMP_ADDR_CTY_NM,PRT_F_EMP_ADDR_CNTRY_CD,PRT_F_EMP_ADDR_PSTL_ZIP_CD,PRT_F_EMP_ADDR_PROV_ST_NM,PRT_F_EMP_BUS_TEL_EXT_NO,PRT_F_EMP_BUS_TEL_NO,PRT_F_EMP_RELTN_CD,PRT_F_EMP_RELTN_OTH_DESC,PRT_F_EMP_ST_ADDR,PRT_F_ID,PRT_F_INDV_ADDR_CTY_NM,PRT_F_INDV_ADDR_CNTRY_CD,PRT_F_INDV_ADDR_PSTL_ZIP_CD,PRT_F_INDV_ADDR_PROV_ST_NM,PRT_F_INDV_DOB,PRT_F_INDV_BUS_TEL_NO,PRT_F_INDV_CITZ_CNTRY_CD,PRT_F_INDV_CLNT_ID,PRT_F_INDV_SRVR_ID,PRT_F_INDV_SRC_ID,PRT_F_INDV_EMPL_DESC,PRT_F_INDV_FULL_CLNT_ID,PRT_F_INDV_GIVEN_NM,PRT_F_INDV_HM_TEL_NO,PRT_F_INDV_ID_NO,PRT_F_INDV_ID_ISS_CNTRY_CD,PRT_F_INDV_ID_ISS_PROV_ST_NM,PRT_F_INDV_ID_OTH_DESC,PRT_F_INDV_ID_TYP_CD,PRT_F_INDV_INIT,PRT_F_INDV_OCCPT_DESC,PRT_F_INDV_RESID_CNTRY_CD,PRT_F_INDV_ST_ADDR,PRT_F_INDV_SURNM,TXN_ID,VRSN_ID FROM DDWV04L.ACM_SUSPS_RPT_PRT_F_DELTA]]>
        </value>
    </property>
    <property>
        <name>dt.operator.edwInput.jdbcSql(acm_susps_rpt_prt_g_delta)</name>
        <value>
			<![CDATA[LOCKING ROW FOR ACCESS SELECT CAPTR_DT,CHG_DT,DISCLSR_ID,LST_UPDT_DT_TM,PRT_G_NARR_TXT,VRSN_ID FROM DDWV04L.ACM_SUSPS_RPT_PRT_G_DELTA]]>
        </value>
    </property>
    <property>
        <name>dt.operator.edwInput.jdbcSql(acm_susps_rpt_prt_h_delta)</name>
        <value>
			<![CDATA[LOCKING ROW FOR ACCESS SELECT CAPTR_DT,CHG_DT,DISCLSR_ID,LST_UPDT_DT_TM,PRT_H_NARR_TXT,VRSN_ID FROM DDWV04L.ACM_SUSPS_RPT_PRT_H_DELTA]]>
        </value>
    </property>
    <property>
        <name>dt.operator.edwInput.jdbcSql(acm_susps_rpt_vld_typ_dly)</name>
        <value>
			<![CDATA[LOCKING ROW FOR ACCESS SELECT DFLT_IND,DISCLSR_TYP_ID,ENTY_NM,LST_UPDT_DT_TM,SECT_NM,SNAP_DT,VLD_TYP_ID FROM DDWV04L.ACM_SUSPS_RPT_VLD_TYP_DLY]]>
        </value>
    </property>
    <property>
        <name>dt.operator.edwInput.jdbcSql(acm_domn_dly)</name>
        <value>
			<![CDATA[LOCKING ROW FOR ACCESS SELECT DEL_IND,DOMN_CD,DOMN_DESC,DOMN_ID,DOMN_NM,LST_UPDT_DT_TM,PARNT_DOMN_ID,SNAP_DT FROM DDWV04L.ACM_DOMN_DLY]]>
        </value>
    </property>
    <property>
        <name>dt.operator.edwInput.jdbcSql(acm_enty_reltn_typ_dly)</name>
        <value>
			<![CDATA[LOCKING ROW FOR ACCESS SELECT APP_ID,ENTY_RELTN_CD_ID,ENTY_RELTN_DESC,ENTY_RELTN_NM,ENTY_RELTN_TYP_CD,ENTY_RELTN_TYP_DESC,LST_UPDT_DT_TM,LST_UPDT_USRID,LST_UPDT_TMSTMP,PARNT_ENTY_RELTN_CD,PREV_APP_ID,SNAP_DT FROM DDWV04L.ACM_ENTY_RELTN_TYP_DLY]]>
        </value>
    </property>
    <property>
        <name>dt.operator.edwInput.jdbcSql(acm_fintrac_lkup_dly)</name>
        <value>
			<![CDATA[LOCKING ROW FOR ACCESS SELECT FINTRAC_CD,FINTRAC_DESC,FINTRAC_TYP_NM,LST_UPDT_DT_TM,SNAP_DT FROM DDWV04L.ACM_FINTRAC_LKUP_DLY]]>
        </value>
    </property>
    <property>
        <name>dt.operator.edwInput.jdbcSql(acm_grp_org_domn_rol_reltn_dly)</name>
        <value>
			<![CDATA[LOCKING ROW FOR ACCESS SELECT DOMN_ID,GRP_ID,GRP_ORG_DOMN_ROL_RELTN_ID,LST_UPDT_DT_TM,ROL_ID,SNAP_DT,SRC_ORG_UNT_ID FROM DDWV04L.ACM_GRP_ORG_DOMN_ROL_RELTN_DLY]]>
        </value>
    </property>
    <property>
        <name>dt.operator.edwInput.jdbcSql(acm_cd_lkup_dly)</name>
        <value>
			<![CDATA[LOCKING ROW FOR ACCESS SELECT DEL_IND,LANG_CD,LST_UPDT_DT_TM,LKUP_CD,LKUP_DESC_1,LKUP_DESC_2,LKUP_DESC_3,LKUP_DESC_4,LKUP_DESC_5,LKUP_TYP_NM,SNAP_DT FROM DDWV04L.ACM_CD_LKUP_DLY]]>
        </value>
    </property>
    <property>
        <name>dt.operator.edwInput.jdbcSql(acm_org_reltn_dly)</name>
        <value>
			<![CDATA[LOCKING ROW FOR ACCESS SELECT CHILD_ORG_UNT_ID,END_DT,LST_UPDT_DT_TM,ORG_RELTN_DESC,ORG_RELTN_ID,PARNT_ORG_UNT_ID,RELTN_TYP_DESC,SNAP_DT,STRT_DT FROM DDWV04L.ACM_ORG_RELTN_DLY]]>
        </value>
    </property>
    <property>
        <name>dt.operator.edwInput.jdbcSql(acm_org_unt_dly)</name>
        <value>
			<![CDATA[LOCKING ROW FOR ACCESS SELECT DEL_IND,LST_UPDT_DT_TM,ORG_UNT_DESC,SNAP_DT,SRC_ORG_UNT_CD,SRC_ORG_UNT_ID,ORG_UNT_NM FROM DDWV04L.ACM_ORG_UNT_DLY]]>
        </value>
    </property>
    <property>
        <name>dt.operator.edwInput.jdbcSql(acm_prod_src_typ_dly)</name>
        <value>
			<![CDATA[LOCKING ROW FOR ACCESS SELECT LST_UPDT_DT_TM,PROD_ID,PROD_SRC_TYP_CD,PROD_SRC_TYP_DESC,SNAP_DT FROM DDWV04L.ACM_PROD_SRC_TYP_DLY]]>
        </value>
    </property>
    <property>
        <name>dt.operator.edwInput.jdbcSql(acm_prod_dly)</name>
        <value>
			<![CDATA[LOCKING ROW FOR ACCESS SELECT LST_UPDT_DT_TM,PROD_CLSS,PROD_GRP,PROD_ID,PROD_LIN_DESC,PROD_NM,SNAP_DT FROM DDWV04L.ACM_PROD_DLY]]>
        </value>
    </property>
    <property>
        <name>dt.operator.edwInput.jdbcSql(acm_sbsdry_dly)</name>
        <value>
			<![CDATA[LOCKING ROW FOR ACCESS SELECT LST_UPDT_DT_TM,OPER_MODE_CD,PKI_CERT_ID,SNAP_DT,SBSDRY_FINTRAC_NO,SBSDRY_ID,SBSDRY_NM FROM DDWV04L.ACM_SBSDRY_DLY]]>
        </value>
    </property>
    <property>
        <name>dt.operator.edwInput.jdbcSql(acm_usr_grp_reltn_dly)</name>
        <value>
			<![CDATA[LOCKING ROW FOR ACCESS SELECT GRP_ID,LST_UPDT_DT_TM,SNAP_DT,USR_GRP_RELTN_ID,USRID FROM DDWV04L.ACM_USR_GRP_RELTN_DLY]]>
        </value>
    </property>
    <property>
        <name>dt.operator.edwInput.jdbcSql(acm_usr_delta)</name>
        <value>
			<![CDATA[LOCKING ROW FOR ACCESS SELECT ADMIN_GRP_OWN_ID,CAPTR_DT,CHG_DT,CNTRY_CD,DEL_IND,DISAB_IND,FORC_CHG_PWD_IND,HM_PG_ID,LANG_CD,LST_SUC_LOGN_DT,LST_UPDT_DT_TM,LDAP_SYNC_IND,LOCK_BY_SESS_ID,MEMO,NEVER_DISAB_IND,NOTIF_FREQ,PWD_EXPRY_PERD,PWD_RENW_DT,ROLLED_UP_NOTIF_CNT,SESS_INSTNC_CNT,TEMP_LOCK_TM,TM_ZNE,UNSUC_LOGN_CNT,UNSUC_LOGN_DT,USR_ADDR_LIN_1,USR_ADDR_LIN_2,USR_EMAIL_ADDR,USR_EXTRNL_ID,USR_FAX_NO,USR_FRST_NM,USRID,USR_LST_NM,USR_LOGN_ID,USR_MID_NM,USR_MBL_NO,USR_TEL_NO,USR_TITL FROM DDWV04L.ACM_USR_DELTA]]>
        </value>
    </property>
    <property>
        <name>dt.operator.edwInput.jdbcSql(acm_wkflw_actn_reas_dly)</name>
        <value>
			<![CDATA[LOCKING ROW FOR ACCESS SELECT APP_ID,LST_UPDT_DT_TM,LST_UPDT_USRID,LST_UPDT_TMSTMP,PREV_APP_ID,RSRC_KEY,SNAP_DT,WKFLW_ACTN_REAS_CD,WKFLW_ACTN_REAS_ID,WKFLW_ACTN_REAS_NM FROM DDWV04L.ACM_WKFLW_ACTN_REAS_DLY]]>
        </value>
    </property>
    <property>
        <name>dt.operator.edwInput.jdbcSql(acm_wkflw_actn_delta)</name>
        <value>
			<![CDATA[LOCKING ROW FOR ACCESS SELECT APP_ID,ADT_IND,AUTO_ACTN_IND,CAPTR_DT,CHG_DT,CONT_ON_ERR_IND,EQUIV_WKFLW_CD,EVNT_DRIVEN_ACTN_IND,FROM_STS_ID,LST_UPDT_DT_TM,LST_UPDT_USRID,LST_UPDT_TMSTMP,MAN_ACTN_IND,MLTPL_ENTY_IND,PRMSSN_ID,PREV_APP_ID,RSRC_KEY,SNGL_ENTY_IND,TO_STS_ID,WKFLW_ACTN_DESC,WKFLW_ACTN_ID,WKFLW_ACTN_NM FROM DDWV04L.ACM_WKFLW_ACTN_DELTA]]>
        </value>
    </property>
    <property>
        <name>dt.operator.edwInput.jdbcSql(acm_wkflw_note_curr)</name>
        <value>
			<![CDATA[LOCKING ROW FOR ACCESS SELECT CAPTR_DT,CREAT_BY_USRID,ENTY_KEY,ENTY_TYP_NM,LST_UPDT_DT_TM,CREAT_TMSTMP,NOTE_TXT,WKFLW_NOTE_ID FROM DDWV04L.ACM_WKFLW_NOTE_CURR]]>
        </value>
    </property>
    <property>
        <name>dt.operator.edwInput.jdbcSql(acm_wkflw_sts_dly)</name>
        <value>
			<![CDATA[LOCKING ROW FOR ACCESS SELECT ACTV_IND,APP_ID,LST_UPDT_DT_TM,LST_UPDT_USRID,LST_UPDT_TMSTMP,PREV_APP_ID,RSRC_KEY,SNAP_DT,WKFLW_STS_CD,WKFLW_STS_ID,WKFLW_STS_NM FROM DDWV04L.ACM_WKFLW_STS_DLY]]>
        </value>
    </property>
    <property>
        <name>dt.operator.edwInput.jdbcSql(acm_wkflw_workitem_delta)</name>
        <value>
			<![CDATA[LOCKING ROW FOR ACCESS SELECT ALERT_FRST_LOCK_DT,ASGN_TO_GRP_ID,ASGN_BY_USRID,ASGN_TMSTMP,ASGN_TO_USRID,CAPTR_DT,CSE_FRST_LOCK_DT,CSE_LST_LOCK_DT,CHG_DT,CREAT_BY_USRID,DOMN_ID,DUE_TMSTMP,ENTY_KEY,ENTY_TYP_NM,EXEC_TMSTMP,LST_UPDT_DT_TM,LATST_ACTN_TMSTMP,LATST_ACTN_USRID,CREAT_TMSTMP,SRC_ORG_UNT_ID,STS_SET_TMSTMP,WKFLW_STS_ID,WKFLW_WORKITEM_ID FROM DDWV04L.ACM_WKFLW_WORKITEM_DELTA]]>
        </value>
    </property>
    <property>
        <name>dt.operator.edwInput.jdbcSql(acm_wkflw_workitem_reltn_delta)</name>
        <value>
			<![CDATA[LOCKING ROW FOR ACCESS SELECT CAPTR_DT,CHG_DT,CONFD_SCOR_NO,ENTY_KEY,ENTY_RELTN_TYP_CD,ENTY_TYP_NM,FROM_TMSTMP,LST_UPDT_DT_TM,RELTN_ENTY_KEY,RELTN_ENTY_TYP_NM,RELTN_TM_STS_CD,RELTN_TYP_DESC,TO_TMSTMP,WKFLW_WORKITEM_RELTN_ID FROM DDWV04L.ACM_WKFLW_WORKITEM_RELTN_DELTA]]>
        </value>
    </property>
    <!--Table Migration from EDW to vertica through hadoop ends here-->
	
    <!--Table Migration from EDW to hadoop starts here. Below tables not required for History Maintenance.-->
    <property>
        <name>dt.operator.edwInput.jdbcSql(acm_adt_log_dly)</name>
        <value>
			<![CDATA[LOCKING ROW FOR ACCESS SELECT ACTN_NM,ADT_ENTY_NM,ADT_LOG_ID,ADT_TMSTMP,AUDITED_ENTY_ID,CAPTR_DT,ENTY_FNL_ST_DESC,ENTY_INIT_ST_DESC,ENTY_NM,FAIL_REAS_DESC,LST_UPDT_DT_TM,SESS_ID,SUC_IND,USRID FROM DDWV04L.ACM_ADT_LOG_DLY]]>
        </value>
    </property>
    <property>
        <name>dt.operator.edwInput.jdbcSql(acm_asct_info_delta)</name>
        <value>
			<![CDATA[LOCKING ROW FOR ACCESS SELECT ASCT_INFO_ID,CAPTR_DT,CHG_DT,INFO_TYP_CD,INFO_TYP_VAL,LST_UPDT_DT_TM,LST_UPDT_TMSTMP,OTH_INFO_TYP_CD,USR_OTH_INFO_VAL FROM DDWV04L.ACM_ASCT_INFO_DELTA]]>
        </value>
    </property>
    <property>
        <name>dt.operator.edwInput.jdbcSql(acm_asct_info_addr_delta)</name>
        <value>
			<![CDATA[LOCKING ROW FOR ACCESS SELECT ADDR_LIN_1,ADDR_LIN_2,ADDR_LIN_3,ADDR_TYP_DESC,ASCT_ADDR_ID,ASCT_INFO_ID,CAPTR_DT,CHG_DT,ADDR_CTY_NM,CNTRY_CD,CURR_ADDR_IND,LST_UPDT_DT_TM,LST_UPDT_TMSTMP,MAIN_ADDR_IND,PSTCD,ADDR_PROV_ST_CD,SYFACT_CUST_CD,TM_AT_ADDR_CNT,ZNE_DESC FROM DDWV04L.ACM_ASCT_INFO_ADDR_DELTA]]>
        </value>
    </property>
    <property>
        <name>dt.operator.edwInput.jdbcSql(acm_asct_info_emplr_dtl_delta)</name>
        <value>
			<![CDATA[LOCKING ROW FOR ACCESS SELECT ASCT_INFO_ID,CAPTR_DT,CHG_DT,EMPLR_ADDR,EMPLR_BUS_TYP_DESC,EMPLR_DTL_CMT,EMPLR_DTL_ID,EMPLR_ID_NO,EMPLR_NM,EMPLR_TEL_NO,LST_UPDT_DT_TM,LST_UPDT_TMSTMP,SYFACT_CUST_CD FROM DDWV04L.ACM_ASCT_INFO_EMPLR_DTL_DELTA]]>
        </value>
    </property>
    <property>
        <name>dt.operator.edwInput.jdbcSql(acm_asct_info_tel_delta)</name>
        <value>
			<![CDATA[LOCKING ROW FOR ACCESS SELECT ASCT_INFO_ID,BUS_USE_IND,CAPTR_DT,CHG_DT,CURR_NO_IND,LST_UPDT_DT_TM,LST_UPDT_TMSTMP,SYFACT_CUST_CD,TEL_AREA_CD,TEL_CNTRY_CD,TEL_DTL_CMT,TEL_ID,TEL_NO,TEL_RGSTR_INFO,TEL_SRVC_PROVDR_NM,TEL_TYP_DESC FROM DDWV04L.ACM_ASCT_INFO_TEL_DELTA]]>
        </value>
    </property>
    <property>
        <name>dt.operator.edwInput.jdbcSql(acm_asct_nm_delta)</name>
        <value>
			<![CDATA[LOCKING ROW FOR ACCESS SELECT ASCT_NM,ASCT_NM_ID,BNKRPT_IND,BLACK_LST_IND,BUS_RGSTR_NO,BUS_SEG_1_DESC,BUS_SEG_2_DESC,BUS_TYP_DESC,BUS_VAT_NO,CAPTR_DT,CHG_DT,CMT_TXT,CO_NM,RESID_CNTRY_CD,DOB,EMP_IND,FRST_NM,GNDR_CD,INC_CNTRY_CD,INC_DT,INC_PROV_ST_CD,INC_TYP_DESC,LST_NM,LST_UPDT_DT_TM,LST_UPDT_TMSTMP,MID_NM,NM_SUFX,NATL_CNTRY_CD,OCCPT_DESC,ORG_IND,ORGN_CNTRY_CD,OWN_TYP_DESC,PERS_TITL,SYFACT_CUST_CD,TRD_NM FROM DDWV04L.ACM_ASCT_NM_DELTA]]>
        </value>
    </property>
    <property>
        <name>dt.operator.edwInput.jdbcSql(acm_clnt_extrnl_info_delta)</name>
        <value>
			<![CDATA[LOCKING ROW FOR ACCESS SELECT CAPTR_DT,CHG_DT,CLNT_ID,CLNT_SRC_UNQ_ID,EXTRNL_INFO_ID,INFO_TYP_CD,INFO_TYP_VAL,LST_UPDT_DT_TM,LST_UPDT_TMSTMP,SRVR_ID,SRC_CLNT_ID,SRC_ID FROM DDWV04L.ACM_CLNT_EXTRNL_INFO_DELTA]]>
        </value>
    </property>
    <property>
        <name>dt.operator.edwInput.jdbcSql(acm_clnt_sts_dly)</name>
        <value>
			<![CDATA[LOCKING ROW FOR ACCESS SELECT CLNT_STS_CD,CLNT_STS_DESC,LST_UPDT_DT_TM,SNAP_DT FROM DDWV04L.ACM_CLNT_STS_DLY]]>
        </value>
    </property>
    <property>
        <name>dt.operator.edwInput.jdbcSql(acm_clnt_telecom_delta)</name>
        <value>
			<![CDATA[LOCKING ROW FOR ACCESS SELECT TELECOM_ID,AREA_CD,BUS_USE_IND,CAPTR_DT,CHG_DT,CURR_NO_IND,LST_UPDT_DT_TM,LST_UPDT_TMSTMP,SRC_CLNT_ID,TEL_CNTRY_CD,TEL_NO FROM DDWV04L.ACM_CLNT_TELECOM_DELTA]]>
        </value>
    </property>
    <property>
        <name>dt.operator.edwInput.jdbcSql(acm_clnt_typ_dly)</name>
        <value>
			<![CDATA[LOCKING ROW FOR ACCESS SELECT CLNT_TYP_CD,CLNT_TYP_DESC,LST_UPDT_DT_TM,REGTY_DESC,SNAP_DT FROM DDWV04L.ACM_CLNT_TYP_DLY]]>
        </value>
    </property>
    <property>
        <name>dt.operator.edwInput.jdbcSql(acm_grp_dly)</name>
        <value>
			<![CDATA[LOCKING ROW FOR ACCESS SELECT ADMIN_GRP_IND,ADMIN_GRP_OWN_ID,DEL_IND,GRP_DESC,GRP_EMAIL_ADDR,GRP_ID,GRP_NM,LST_UPDT_DT_TM,LDAP_SYNC_IND,LOCK_BY_SESS_ID,SNAP_DT FROM DDWV04L.ACM_GRP_DLY]]>
        </value>
    </property>
    <property>
        <name>dt.operator.edwInput.jdbcSql(acm_prmt_dly)</name>
        <value>
			<![CDATA[LOCKING ROW FOR ACCESS SELECT APP_ID,ADT_IND,DEL_IND,LST_UPDT_DT_TM,LST_UPDT_USRID,LST_UPDT_TMSTMP,PARNT_PRMT_ID,PRMT_DESC,PRMT_ID,PRMT_NM,PREV_APP_ID,SNAP_DT FROM DDWV04L.ACM_PRMT_DLY]]>
        </value>
    </property>
    <property>
        <name>dt.operator.edwInput.jdbcSql(acm_rol_dly)</name>
        <value>
			<![CDATA[LOCKING ROW FOR ACCESS SELECT APP_ID,DEL_IND,LST_UPDT_DT_TM,LST_UPDT_USRID,LST_UPDT_TMSTMP,LOCK_BY_SESS_ID,PREV_APP_ID,ROL_DESC,ROL_ID,ROL_NM,SNAP_DT FROM DDWV04L.ACM_ROL_DLY]]>
        </value>
    </property>
    <property>
        <name>dt.operator.edwInput.jdbcSql(acm_rol_prmt_reltn_dly)</name>
        <value>
			<![CDATA[LOCKING ROW FOR ACCESS SELECT LST_UPDT_DT_TM,PRMT_ID,ROL_ID,ROL_PRMT_RELTN_ID,SNAP_DT FROM DDWV04L.ACM_ROL_PRMT_RELTN_DLY]]>
        </value>
    </property>
    <property>
        <name>dt.operator.edwInput.jdbcSql(acm_susps_rpt_vld_chk_delta)</name>
        <value>
			<![CDATA[LOCKING ROW FOR ACCESS SELECT CAPTR_DT,CHG_DT,ENTY_KEY,ENTY_KEY_NMRC,ENTY_NM,LST_UPDT_DT_TM,VLD_IND,VLD_TYP_ID,VRSN_ID FROM DDWV04L.ACM_SUSPS_RPT_VLD_CHK_DELTA]]>
        </value>
    </property>
    <property>
        <name>dt.operator.edwInput.jdbcSql(acm_txn_curr)</name>
        <value>
			<![CDATA[LOCKING ROW FOR ACCESS SELECT RUN_DT,ACCT_SRC_REF_ID,ALERT_ID,ATMPTD_TXN_IND,BSE_CRNCY_CD,BSE_TXN_AMT,BENEF_BNK_NM,BR_ID,CAPTR_DT,CRD_ID,CNTR_PRTY_ACCT_BIC,CNTR_PRTY_ACCT_IBAN,CNTR_PRTY_ACCT_NM,CNTR_PRTY_ACCT_NO,CNTR_PRTY_ADDR,CNTR_PRTY_BNK_ADDR,CNTR_PRTY_BNK_CD,CNTR_PRTY_BNK_CNTRY_CD,CNTR_PRTY_BNK_NM,CNTR_PRTY_CNTRY_CD,CNTR_PRTY_NM,CR_DR_CD,DEVC_ID,DISPOS_NO,DVC_POS_ENTRY_MODE,EMP_ID,ERR_COR_IND,LST_UPDT_DT_TM,LOCL_TMSTMP,ORGNL_CRNCY_CD,ORGNL_TXN_AMT,ORGNT_DT,ORGNT_BNK_NM,OWN_ACCT_TSFR_IND,PASSER_BY_CLNT_IND,PIN_VRFY_CD,POST_DT,PRMRY_CLNT_SRC_REF_ID,PRMRY_SRC_CLNT_ID,PROD_SRC_TYP_CD,SRC_AR_ID,SRC_ORG_UNT_CD,SRC_SYS_CD,SRC_TXN_ID,STR_BENEF_BNK_NM_ACCT_NO,STR_BENEF_BNK_NM_NO,STR_EMP_ID,STR_IF_OTH_TMSTMP,STR_NGHT_DEP_IND,STR_ON_BHLF_OF_DESC,STR_OTH_DISPOS_DESC,STR_OTH_ENTY_NM_NO,STR_OTH_ENTY_PERS_ACCT_NO,STR_OTH_FND_TYP_DESC,STR_OTH_INST_NM_NO,STR_OTH_MTHD_TXN,STR_POL_NO,STR_TXN_CONDUCTED_MTHD_DESC,SYS_TMSTMP,TELR_ID,TXN_CHNL_CD,TXN_BENEF_NM,TXN_LOC_DESC,TXN_NO,TXN_ORGNT_NM,TXN_REF_DESC_1,TXN_REF_DESC_2,TXN_REF_DESC_3,TXN_REF_DESC_4,TXN_REF_DESC_5,TXN_REF_DESC_6,TXN_SRC_NO,TXN_SRC_TYP_CD,TXN_STS_CD,TXN_UNQ_SRC_ID,TXN_USR_DTL,TXN_VOL_CNT,VAL_DT FROM DDWV04L.ACM_TXN_CURR]]>
        </value>
    </property>
    <property>
        <name>dt.operator.edwInput.jdbcSql(acm_txn_typ_dly)</name>
        <value>
			<![CDATA[LOCKING ROW FOR ACCESS SELECT INTRNL_RSK,LST_UPDT_DT_TM,SNAP_DT,TXN_CD_SCOPE,TXN_INSTRMT_USED,TXN_REGN,TXN_TYP_CD,TXN_TYP_DESC,TXN_TYP_NM FROM DDWV04L.ACM_TXN_TYP_DLY]]>
        </value>
    </property>
    <property>
        <name>dt.operator.edwInput.jdbcSql(acm_wkflw_actn_log_curr)</name>
        <value>
			<![CDATA[LOCKING ROW FOR ACCESS SELECT ASGN_TO_GRP_ID,ASGN_BY_USRID,ASGN_TO_USRID,ADT_SEQ_ID,CAPTR_DT,CMT_TXT,ENTY_KEY,ENTY_TYP_NM,FROM_STS_ID,LST_UPDT_DT_TM,LOG_TMSTMP,TO_STS_ID,USRID,WKFLW_ACTN_ID,WKFLW_ACTN_REAS_ID,WKFLW_WORKITEM_ID FROM DDWV04L.ACM_WKFLW_ACTN_LOG_CURR]]>
        </value>
    </property>
    <property>
        <name>dt.operator.edwInput.jdbcSql(acm_wkflw_doc_delta)</name>
        <value>
			<![CDATA[LOCKING ROW FOR ACCESS SELECT ATCH_BY_USRID,CAPTR_DT,CHG_DT,ENTY_KEY,ENTY_TYP_NM,FILE_DTA_IX,LST_UPDT_DT_TM,MIME_TYP_DESC,SNAP_URL,WKFLW_DOC_DESC,WKFLW_DOC_FILE_NM,WKFLW_DOC_ID,WKFLW_DOC_NM,WKFLW_DOC_TMSTMP,WKFLW_DOC_TYP,WKFLW_DOC_URL FROM DDWV04L.ACM_WKFLW_DOC_DELTA]]>
        </value>
    </property>
    <!--Table Migration from EDW to hadoop Ends here. Below tables not required for History Maintenance.-->
</configuration>